tweet_id,tweet,followers_count,verified,retweet_count,verified_in_support,verified_in_deny,support,deny,neutral,category,tense
529723708207030274,This Is What It Sounds Like When Prince Fans Cry. #NoPrinceConcert #Toronto http://t.co/tid8OsOBSn,8852,0,11,0,0,0,0,1,rumours,1
529731332717678593,Prince will NOT be performing a secret show in Toronto tonight despite fans waiting in the (purple) rain all day http://t.co/DSxU8mODEE,3772,1,5,0,0,0,0,0,rumours,2
529641857513308160,Is Prince to perform surprise show in Toronto tonight?  http://t.co/zA1hH7lfc0,143909,1,5,0,0,0,0,1,rumours,1
529743499588276226,"BREAKING: Prince cancels Massey Hall gig tonight, rumoured to be headlining @Newzapalooza on Friday -- in holographic form.",1069,0,2,0,0,0,0,0,rumours,1
529655766509445122,$10 Secret Prince show tonight at Massey Hall? FREAKING OUT! http://t.co/piXjrOZS78,1735,0,3,0,0,0,0,0,rumours,1
529728664137904128,"UPDATE: Live Nation tweeting that Prince won't be performing tomorrow night either.
http://t.co/R3LrDeLIka #PrinceTO #Toronto",156153,1,13,0,0,0,0,1,rumours,2
529679889923076096,Are you in line at Massey Hall? Send us a photo! Prince rumoured to be playing surprise show http://t.co/tZZuoauuwN http://t.co/KmROAvXLc5,141824,1,50,0,0,3,1,13,rumours,1
529729144536723456,Prince won't be performing tomorrow night either. He's actually performing in an alternate reality for the next few days. #PrinceTO #Toronto,2053,0,2,0,0,0,0,0,rumours,2
529697032659673088,Toronto People -----&gt; Prince to perform surprise show in Toronto http://t.co/OyKGfpNRvg,569,0,2,0,0,0,0,0,rumours,1
529671440829005825,Is Prince playing a surprise show at Massey Hall tonight? http://t.co/mv0Ca9ro6a,6757,0,2,0,0,0,0,4,rumours,1
529714770422022146,Star photographer Steve Russell shows how long the Prince lineup at Massey Hall is right now. http://t.co/tnpmrN08fp,4881,0,2,0,0,0,0,0,rumours,1
529679551631089664,Prince to perform surprise show in Toronto: http://t.co/y57XENHQlb #Prince http://t.co/sOFt4XlNUG,61629,1,5,0,0,1,0,1,rumours,1
529692613780439040,"Hey #Prince remember that time I stood next to you at that thing. Anyway, let's catch up tonight at Massey Hall. @3RDEYEGIRL #PRINCEWATCH",194,0,3,0,0,0,0,0,rumours,1
529734972249505795,Prince fans still holding out hope outside Massey Hall even after being told there will be no show tonight. http://t.co/JjjAImOgKr,3050,0,7,0,0,0,0,0,rumours,1
529647261689864192,Is Prince really playing Massey Hall tonight? These folks sure hope so. Lineup surprisingly short. http://t.co/9PpzUOasz9,8214,0,4,0,0,0,0,0,rumours,1
529712119391199232,PICTURES OF THE #PRINCEAMY QUEUING IN #TORONTO https://t.co/RkYChFJ2y4 SEND US YOUR PICS TO ADD TO OUR GALLERY! #PRINCE @3RDEYEGIRL,5284,0,2,0,0,0,0,1,rumours,1
529724757366022145,"Prince never meant to cause you any sorrow, Massey Hall people standing in the rain.",2584,1,10,0,0,0,0,7,rumours,0
529775890767437825,This is what it sounds like when fans cry. #Prince #Toronto #PRINCEWATCH #princeTOrumours #masseyhall,61,0,2,0,0,0,0,0,rumours,1
529706188032999425,"""My boss let me go early, told me I look sick.""
Lineup for rumoured Prince show: http://t.co/WTde7L4kYy http://t.co/LXtTx9qNaS #Toronto",113898,1,6,0,0,0,0,0,rumours,0
529714629745082369,My piece for @billboard: Secret Prince Show Rumored for Toronto Tonight http://t.co/GWaiW8SO0B @3RDEYEGIRL @DonnaGrantis @masseyhall,1782,0,2,0,0,0,0,0,rumours,0
529663474079920128,Prince at Massey Hall tonight. He's gonna lift whole houses clear off the ground. Wish I could be there.,32148,0,4,0,0,1,0,1,rumours,0
529734565599121410,...and LiveNation confirms Prince will not be playing Massey Hall tonight.,100764,0,11,0,0,0,0,1,rumours,1
529648202379964416,"Prince fans already lining up @ Massey Hall. Wristbands reportedly on sale at 6pm
http://t.co/WpiPU0aYwK #Toronto http://t.co/G9IEqv1GLe",113875,1,19,0,0,0,0,0,rumours,1
529749285198655488,WOW. It seems as though #Prince will not be playing at #toronto's #MasseyHall after all. A sad turnout for those who played hooky today!,4543,0,2,0,0,0,0,0,rumours,1
529727006427340801,"Maybe they mixed up the Prince's?

#Prince will not be performing @masseyhal in #Toronto 
tonight. 

 #PrinceFielder? http://t.co/qXmqA0K7o5",5711,0,2,0,0,0,0,0,rumours,2
529671638539698178,Is Prince playing a secret show in Toronto tonight? http://t.co/OYvrbLO3RJ,2462,1,5,1,0,2,0,2,rumours,1
529729262593773568,"Lots of disappointment and disbelief at Massey Hall after would-be Prince called off. Five hours in line based on media speculation, ouch!",8215,0,2,0,0,0,0,2,rumours,0
529702456348139520,Good old Massey Hall for Prince tonight in #Toronto. http://t.co/4DMcW35Iqq,3357,0,4,0,0,0,0,0,rumours,1
529725420162539520,#BREAKING: The Artist Formerly Known To Perform Will Not Be Doing So Anymore. Sorry Prince Fans. #Toronto #Concert #Fail,1064,0,3,0,0,0,0,0,rumours,0
529830319982407680,From @DonnaGrantis on Facebook. @3RDEYEGIRL #Toronto #Prince http://t.co/lzXGiN7yLM,2481,0,3,0,0,0,0,0,rumours,1
529749273211330562,"Aw man, #Prince just played for 2 hours in my backyard, Toronto. 8-minute version of ""Purple Rain."" I really should've told somebody.",788,0,3,0,0,2,0,1,rumours,0
529645026452979712,"#BREAKING: #Prince reportedly to perform surprise show at Massey Hall tonight
http://t.co/WpiPU0aYwK #Toronto",113884,1,28,0,0,4,0,1,rumours,1
529732310099578880,BREAKING: Tonight in Toronto nobody is gonna party like it's 1999. #Prince  #PRINCEWATCH #mylittleredcorvettestalled,37,0,2,0,0,0,0,0,rumours,1
529724985775235072,Uh-oh. Live Nation is saying that there's no Prince show at Massey Hall tonight. http://t.co/IbovDWvjHK,244093,0,11,0,0,0,0,1,rumours,1
529705050453835776,Just got word from Massey Hall management that #Prince is indeed doing 2 shows. Tonight and tomorrow.,4,0,2,0,0,0,0,0,rumours,0
529723420993683457,"#BREAKING: @LiveNationON has tweeted ""Prince will not be performing at @masseyhall tonight."" #PrinceTO #Toronto",113910,1,16,0,0,2,1,12,rumours,1
529727813239451649,Rumour of Prince surprise show at Toronto's Massey Hall quashed by Live Nation http://t.co/kvopjL8bGH,81927,1,7,0,0,0,0,0,rumours,0
529684962778570753,We're in line to see @3RDEYEGIRL!!!! #Prince #PrinceSurpriseShow #November4th #Toronto http://t.co/zFfGno2RcT,1308,0,8,0,0,0,0,5,rumours,1
529664783599943680,Is Prince playing a surprise show in Toronto tonight? http://t.co/u4tF8e7e59,84036,1,5,0,0,0,0,3,rumours,1
529638205013123073,VIDEO: Prince to perform a surprise show in Toronto http://t.co/nBkcvGZeg3 http://t.co/NTsPuCpKUa,164314,1,27,0,0,0,0,7,rumours,1
529720675272249344,So @prince Concert @masseyhall  4 tickets/person &amp; max seating is 3300 Still a chance if you want to brave it! #Prince#Toronto,1162,0,5,0,0,0,0,0,rumours,1
529736110667468800,"Now ppl will be showing up @ various venues hoping Prince will appear for a secret #Toronto show. Also, will Prince buy the El Mo sign?",424,0,2,0,0,0,0,0,rumours,2
529723362894176256,Prince fans lined up outside Massey Hall say they are VERY disappointed after security says NO PRINCE SHOW tonight #prince #purplerain,11226,1,3,0,0,0,0,0,rumours,1
529644676333453312,"WHAT?  RT @CityNews #BREAKING: Prince reportedly to perform surprise show at Massey Hall tonight
http://t.co/jT8Tx5P1Kw #Toronto",2788,0,2,0,0,0,0,0,rumours,1
529735608676413441,Prince cancelled Massey Hall show to play Bridle Path house party tonight #princeTOrumours,258,0,2,0,0,1,0,1,rumours,1
529590474005544960,TWO TORONTO SHOWS TONIGHT? Looks like @drfunkenberry is hinting at TWO @masseyhall Prince shows tonight.... stay tuned!,3664,0,6,0,0,1,0,6,rumours,1
529664568772292610,Rumour that Prince (@3RDEYEGIRL) will be performing a surprise show at Toronto's Massey Hall (@SoundboardTO) tonight: http://t.co/lnJmCVH3jT,97186,0,7,0,0,0,0,0,rumours,1
529722357267857408,Security at Massey Hall say there will be no Prince concert tonight #cbcto,1654,0,2,0,0,1,0,3,rumours,1
529637505981624320,Is Prince doing surprise show in Toronto?  http://t.co/oWCOa2YVv9 #hotticket,1103,1,2,0,0,0,0,0,rumours,1
529742159352975362,VIDEO: Prince fans at @masseyhall in #Toronto react after being told singer won‚Äôt perform Tuesday: http://t.co/WAksjJN9cs @CityAnnaV,156165,1,10,0,0,0,0,3,rumours,1
529723023591743488,In a tweet concert promoter Live Nation says there is NO Prince show at Massey Hall tonight #Toronto,24763,1,3,0,0,0,0,0,rumours,1
529666235710332928,#Prince playing #Toronto #MasseyHall tonight $10 . Lucky folks indeed,771,0,3,0,0,0,0,2,rumours,1
529704637301923840,Toronto is hoping for a surprise show by Prince and @3RDEYEGIRL tonight. http://t.co/8Nwq3UgIzt,11641,0,3,0,0,0,0,0,rumours,1
529746982106324992,Hundreds of people still waiting in line for the event formerly known as Prince concert at Massey Hall #cbcto http://t.co/XJbCmPNIh9,1656,0,13,0,0,0,0,1,rumours,1
529683211774083073,The music legend known as Prince is rumoured to be having a surprise pop-up show tonight @ Massey Hall in Toronto #fb http://t.co/jRAAkW7sU8,1992,0,3,0,0,0,0,0,rumours,1
529830606210093058,PRINCE in Toronto details. Just a production rehearsal...? http://t.co/c8wGBIFnR8,15155,0,4,0,0,0,0,4,rumours,1
529648547864399872,Did you hear??? Prince! Tonight! Toronto?!?!?!?!?!?!,42977,0,12,0,0,0,0,5,rumours,0
529726244834017280,Live Nation has confirmed that Prince will NOT be performing in Toronto tonight :(,9448,0,2,0,0,0,0,1,rumours,1
529679359301648384,Is there a suprise prince show at massey hall tonite OTNOROT?,1586,0,2,0,0,0,0,0,rumours,1
529637014527029248,TORONTO: Quick reminder that Prince is seemingly playing @masseyhall tonight... No more details at the minute!,3664,0,15,0,0,0,0,2,rumours,1
529723761428557824,Toronto riots tonight RT @CP24: LiveNation confirms that Prince will not be performing at Massey Hall tonight.,4655,1,2,0,0,0,0,0,rumours,0
529746217098825728,#Prince #Toronto inside #massyhall http://t.co/cz2HYoFqTK,31,0,2,0,0,0,0,3,rumours,1
529739770524860418,"Prince is insulted by Massey Hall's reservation costs, books a show at Izakaya Sushi House #princeTOrumours",725,0,3,0,0,0,1,1,rumours,1
529653880196698112,"If you love Prince enough to take the day off work &amp; go to downtown Toronto, rumour has it he is doing a show tonight at Massey Hall -LM",4027,0,2,0,0,0,0,0,rumours,1
529702797349253121,Prince is going to make #Toronto purple tonight. And all eyes are watching. http://t.co/UpnrwN0qet,16871,0,11,0,0,0,0,1,rumours,1
529695367680761856,OMG. #Prince rumoured to be performing in Toronto today. Exciting!,32054,1,12,0,0,2,0,6,rumours,0
529695308302000128,Is #Prince planning a secret show in #Toronto tonight? http://t.co/7btRBeRkqN http://t.co/yWLpPBSjMc,2692,1,6,0,0,0,0,0,rumours,1
529689679411810304,People talking about stupid shit like government corruption and harassment when Prince is in Toronto smh,345,0,3,0,0,0,0,5,rumours,1
529740161144602624,No plans now that #Prince isn't performing in #Toronto? Come here for our surprise show w/ @MagnusBetner instead http://t.co/6QKYNrEBLt,7860,0,10,0,0,0,0,0,rumours,0
529670566031421440,Lineup forming outside Massey Hall following rumours of Prince concert: http://t.co/Epurh7XqLY http://t.co/9joDVDnGLI,153122,0,47,0,0,1,0,5,rumours,1
529726642902810625,"Live Nation says Prince isn't playing at *Massey Hall*. Could he play elsewhere? You know, the Elmo closes this week... (I know nothing)",4673,1,2,0,0,0,1,8,rumours,1
529655746074779648,"From @CBCToronto: Is Prince playing a surprise show at Massey Hall tonight?
http://t.co/5rpdcB5dEd http://t.co/m2ucwQlULZ",664940,1,33,0,0,1,0,3,rumours,1
529670383629520896,Surprise Prince show at Massey Hall tonight? http://t.co/Ia8Mmiq7n6 http://t.co/D8yShNMXox,92488,1,6,0,0,0,0,1,rumours,1
529657139959451648,Is Prince performing a show in Toronto tonight? Trick question: Prince doesn't perform. Prince is you. Prince is this tweet. Prince is.,8359,0,30,0,0,0,0,1,rumours,1
529773317889064960,Watch now on #cbcto: Live Nation says Prince concert is a no-go but fans still outside Massey Hall http://t.co/xePAPbntGX @trevorjdunn,141954,1,7,0,0,0,0,0,rumours,1
529399936434327552,can someone get us in 2 the secret prince show in toronto tomorrow,17276,1,15,0,0,3,0,14,rumours,1
529652689471569920,"This afternoon's rain will not be purple, even if Prince is playing a secret show tonight at Massey Hall.  Just regular colour rain &amp; windy",7697,1,3,0,0,0,0,0,rumours,2
529729927835557888,"Toronto, we just got Rick Rolled by Prince. We can either riot or we can go home and cry together. I'm down for whatever, really.",1170,0,3,0,0,1,0,8,rumours,0
529773194027073537,Is anyone still in line at Massey Hall? #Prince,213,0,2,0,0,0,1,3,rumours,1
529679172650942465,Prince rumoured to be performing surprise show in Toronto http://t.co/2Ir63ub4u4,43564,0,4,0,0,0,0,0,rumours,0
529689763230797824,Hundreds of Prince fans line up outside Massey Hall on rumours the artist is playing a surprise show tonight. http://t.co/yX5dowP1yI,3047,0,39,0,0,1,0,8,rumours,1
529671725865111552,Is Prince playing a surprise show at Massey Hall tonight? http://t.co/214bqLGMwd,141821,1,5,0,0,0,0,0,rumours,1
529726966178787328,"Pretty sure #Prince bailed as soon as he heard #Toronto fans referring to it as a ""pop-up show"".",17345,1,7,0,0,0,0,1,rumours,0
529446466541326336,"TORONTO????

@AUXTV saying something about a secret Prince show tomorrow?
Maybe at @masseyhall?

Personally I've got no idea! Any more info?",3664,0,3,0,0,0,0,1,rumours,1
529771847186124800,"Hey #Toronto, I know that Prince concert at Massey Hall didn't happen but now he's here playing in my living room and what does he eat?",2577,0,2,0,0,0,0,15,rumours,1
529720273285566464,"In response to inquiries, we can confirm that Prince will not be performing at @masseyhall tonight.",35131,1,234,0,0,5,0,15,rumours,1
529680484402749440,The Prince at Massey Hall line up spans two blocks. Security say they have not done a headcount. http://t.co/hRMNQSTgUG,577,0,14,0,0,0,0,0,rumours,1
529691342168141824,Get here quick! We're in line for @3RDEYEGIRL secret show in Toronto @masseyhall !!! #Prince http://t.co/LpfaxDopSn,4475,0,6,0,0,0,0,0,rumours,1
529572620782825473,"I know why Prince &amp; @3RDEYEGIRL starts the tour by Toronto... üòÅ
BikeSculture üö≤üö≤üö≤üö≤üö≤üö≤üö≤ http://t.co/yrihppnFkK",882,0,2,0,0,1,0,0,rumours,1
529722264615673856,Prince in Toronto cancelled! WTF!!,1639,0,2,0,0,0,0,3,rumours,0
529701740925698048,Prince is rumoured to be performing a surprise show Tuesday night in Toronto. http://t.co/GFa28laeQf,44188,1,5,0,0,1,0,1,rumours,1
529643568873230337,"PRINCE doing surprise show at Massey Hall in Toronto today! Wristbands at 6, show at 8.  @3RDEYEGIRL http://t.co/Z7vaVDAYKX",198,0,4,0,0,0,0,3,rumours,1
529681320965079041,Imagine if the people lining up at Massey Hall for Prince found out that some lines got crossed &amp; it's actually a secret Nickleback show?,241,0,13,0,0,0,0,0,rumours,1
529734612998955008,"Sorry, fans. Prince will not be performing at Massey Hall tonight: http://t.co/vWqaS1wjSp http://t.co/b69rpe8qeG",295581,1,27,0,0,3,1,3,rumours,2
529722630363181056,Security just said there is No #Prince show tonight in #Toronto. WTF.,16872,0,5,0,0,0,0,0,rumours,0
529692457337118721,Wish I was going to that secret concert that @3RDEYEGIRL and Prince are performing at @MassyHall in Toronto,188,0,3,0,0,0,0,0,rumours,1
529654486974099456,"STORY: Prince to reportedly play a pop up show in Toronto TONIGHT
http://t.co/eMaXT97Deq http://t.co/vj6d8iek5z",24763,1,12,0,0,0,0,1,rumours,1
529726656941162496,"Prince not performing tonight, Live Nation says
STORY: http://t.co/R3LrDeLIka #PrinceTO #Toronto",156152,1,6,0,0,0,0,2,rumours,1
529738730748534786,"omggggg :'( ""@TorontoStar: Sorry, fans. Prince will not be performing at Massey Hall tonight: http://t.co/ajNlq4npxs http://t.co/dynoAkJumk""",2194,0,3,0,0,0,0,1,rumours,2
529676682622664704,Yes!! @prince is doing a concert @masseyhall tonight and tickets are ONLY $10!!! #Toronto #rocks,1160,0,2,0,0,1,0,1,rumours,1
529698410879025153,Fans have told me they overheard security saying that Prince's drumkit has already been set up inside Massey Hall in Toronto.,576,0,2,0,0,0,0,0,rumours,1
529721745486659584,Security at Massey Hall tells @CP24 there is NO Prince show #Toronto #prince'd #purple'd,11225,1,10,0,0,2,0,2,rumours,1
529578734102523904,Toronto is in 4 a treat 2nite....@Prince_NPG @3RDEYEGIRL @HannahFordDrums @idanielsenbass @DonnaGrantis @JOSHUAWORLD #TDOT,2243,0,3,0,0,0,0,1,rumours,1
529725532569886720,"Contrary to popular belief, @LiveNation has stated that there will not be a secret #Prince show at Massey Hall",20375,1,2,0,0,0,0,1,rumours,1
529733645435949056,"There's no Prince show in Toronto tonight ... but there IS an American midterm election on TV ... so, y'know, that's fun too!",1156,0,3,0,0,0,0,0,rumours,1
529731160025612288,Event promoter says no surprise Prince show at Massey Hall Tuesday http://t.co/BArev1GALQ,44199,1,2,0,0,0,0,0,rumours,1
529695299200360448,Prince rumoured to play secret Toronto show today http://t.co/ODT5L7b8Pi,50155,1,5,0,0,0,0,0,rumours,0
529725387400835072,"""How can you just leave me standing, alone in a world that's so cold?""
‚Äï Prince fans in line outside Massey Hall since 7am",3141,0,49,0,0,1,0,2,rumours,0
529679905483915264,Outside Massey Hall where Prince and @3RDEYEGIRL fans are lining up for what they think is a surprise show. http://t.co/yRPLZfQASC,577,0,7,0,0,0,0,1,rumours,1
529724254183780355,#Breaking @LiveNationON has tweeted out there is no Prince show at Massey Hall tonight.,947,1,2,0,0,0,0,0,rumours,1
529723807591038977,".@LiveNationON tweets ""Prince will not be performing at Massey Hall tonight."" #cbcto",141882,1,6,0,0,0,0,1,rumours,1
529654845838741504,"I could legit cry right now. Tickets are $10. If you don't have to work today and love Prince, go to Massey Hall. Like, right now.",931,0,4,0,0,0,0,14,rumours,1
529763844176896000,Prince Reportedly Pulls Out of Secret Toronto Show Because He 'Just Wasn't Feeling It'  http://t.co/u5sIB1kFG6 via @wonderingsound,2476,0,23,0,0,2,3,9,rumours,1
529716453792956416,Is #Prince in #Toronto? Rumours fly of surprise show... @masseyhall http://t.co/ySchlys6DA,59597,0,2,0,0,0,0,2,rumours,1
529723684454666240,LiveNation confirms that Prince will not be performing at Massey Hall tonight.,659271,1,64,0,0,4,0,9,rumours,1
529733930199814144,"Jobless bums lineup in rain all day for unannounced, secret Price gig tonight. Live Nation says no dice. Hilarious. http://t.co/QikGYeFjal",149,0,4,0,0,0,0,1,rumours,1
529642612618035202,Prince? In Toronto? http://t.co/TwL04ck0Rm via @blogto,135,0,12,0,0,0,0,1,rumours,1
529710975730323457,Secret Prince Show Rumored for Toronto Tonight http://t.co/yhXdMtq4T0,103423,1,3,0,0,2,1,1,rumours,0
529652829536141314,Is it still a secret show if everyone knows about it? #Prince? #Toronto  http://t.co/auLwUbBe3J http://t.co/49Xr9ovdwQ,8852,0,2,0,0,0,0,0,rumours,1
529715547538485248,Chock-a-block w Prince fans at surprise Massey Hall concert in T.O. #cbcarts He so hearts Cdns http://t.co/HRQWag5OOv http://t.co/mSdWnitQUI,1994,1,2,0,0,0,0,0,rumours,1
529722288971984897,"#PrinceWatch LiveNation post: In response to inquiries, we can confirm that Prince will not be performing at Massey Hall Tonight. (5mins ago",357,0,3,0,0,0,0,0,rumours,1
529756814175633411,Is Prince really playing a secret show in Toronto or has he gone back to outer space http://t.co/WWlTF3gjto #princeTOrumours,17276,1,5,0,0,0,0,0,rumours,1
529654835537518592,"Is Prince playing a surprise show at Massey Hall tonight?
http://t.co/Jp0lbYz4Ui http://t.co/DUwv0mbRQu http://t.co/hM4CcFtNwi",3050,1,5,0,0,0,0,0,rumours,1
529660692832739328,Rumours of Prince at Massey Hall tonight. Not affiliated with @LesBonnesFilles. Let's move in for a closer look #PRINCEWATCH,29,0,2,0,0,0,0,0,rumours,0
529725730603925505,No Prince concert at Toronto's Massey Hall. DEVELOPING STORY: http://t.co/63l6scicxF,153174,0,18,0,0,1,1,3,rumours,1
529667934697029632,Yes! RT @nowtoronto: Is Prince playing a surprise Massey Hall show tonight? http://t.co/pxqvE0ZsnM http://t.co/y83i28GRSl,668,0,5,0,0,0,0,0,rumours,1
529664525768077314,#Prince to perform a surprise show in Toronto @3RDEYEGIRL VIDEO: http://t.co/3uzgh3gNy7 #princearmy #princewatch http://t.co/PdeEHksg2P,5283,0,11,0,0,0,0,0,rumours,1
529664593921314816,Prince is playing a surprise show tonight at Massey Hall! http://t.co/8CZZUewOUZ #Toronto,1360,0,4,0,0,0,0,0,rumours,1
529708410464636929,Prince to perform surprise show tonight at Massey Hall http://t.co/J6NJFodRcX,100755,0,17,0,0,0,0,1,rumours,1
529765936199647233,"Still hundreds of people waiting in the rain for Prince at Massey Hall. Venue, promoter say no concert tonight #cbcto http://t.co/yyUQnhJ7Tr",1656,0,2,0,0,0,0,4,rumours,1
529653029747064832,Prince fans lining up at Massey Hall. Wristbands for surprise show reportedly on sale at 6pm. #Toronto http://t.co/uZBPGlfyce,5018,0,12,0,0,0,1,5,rumours,1
529669611030331392,The line for #Prince at Massey Hall extends to back of building. Smells strongly of incense &amp; breakfast sandwiches http://t.co/ovA3uIUdsB,4664,1,36,0,0,2,0,9,rumours,1
529700827557285889,"Prince is doing a ""secret"" concert @masseyhall in Toronto tonight and tickets are ONLY $10!!!",427,0,2,0,0,0,0,0,rumours,1
529752475541442560,Here's a picture of a #prince stage set up right now at #masseyhall in #Toronto http://t.co/sL1JUINcDS,1112,0,5,0,0,0,0,0,rumours,1
529713467184676864,Secret Prince show rumored for Toronto tonight http://t.co/GE2DFcFKLJ,2064668,1,31,0,0,3,0,2,rumours,0
529637341645008896,"***Not confirmed yet***
Prince to perform surprise show in Toronto

Prince is rumoured to be performing a... http://t.co/4KrJbn5W1K",3754,0,5,0,0,0,0,1,rumours,1
529659390664908801,#Surprise! Prince at Massey Hall TONIGHT! Park in our Yonge/Shuter lot and grab a pre-show bite! #ToTheCity http://t.co/CTjdXJb01P,10003,0,6,0,0,0,0,0,rumours,1
529758256596787200,Update: Massey Hall has confirmed Prince will not be playing a surprise show tonight. http://t.co/1vuq42ChDn,116852,1,6,0,0,2,1,0,rumours,1
529648452511473666,"Prince fans lining up at Massey Hall. Wristbands for surprise show reportedly on sale at 6pm.
http://t.co/XDIEmme4QD http://t.co/O0JFvNV6uR",156090,1,40,0,0,5,0,5,rumours,1
529727794826457089,Updated Story: Secret Prince show rumored for Toronto tonight http://t.co/2nZEQnKhje,2064747,1,13,0,0,0,0,1,rumours,0
529828486975066112,#Toronto - sorry for the confusion today surrounding the reported #Prince Massey Hall performance. 3EG‚Äôs sound and lighting crew...(cont'd.),870,0,17,0,0,0,0,6,rumours,1
529628988683976704,Prince to perform surprise show in Toronto http://t.co/Kj7HibxIrx http://t.co/GrkgI3n5xV,44178,1,54,0,0,3,1,1,rumours,1
529654388269535232,Prince rumoured to be performing surprise show in #Toronto: http://t.co/4BVRlc4YMJ http://t.co/xqpfiYVKvK,153126,0,14,0,0,2,0,1,rumours,0
529674474019651584,Are you in line for Prince's rumoured show in Toronto? http://t.co/vWqaS1wjSp http://t.co/7FzHZsihpY,295373,1,18,0,0,7,0,1,rumours,1
529649368656134144,#Prince performs surprise show at Massey Hall tonight @3RDEYEGIRL Wrist Bands going for $10 GOTTA GO! BYE! http://t.co/404bQqXtSr,4608,0,34,0,0,0,0,7,rumours,1
529730804688375809,RT@PrinceMuseum: TORONTO: In case you missed it @LiveNationON are saying no Prince shows @masseyhall either today or tomorrow.,511,0,2,0,0,0,0,0,rumours,1
529728291545284608,Maybe Massey Hall was just a decoy location and Prince has actually loaded all his gear into the El Mocambo. Maybe he BOUGHT the El Mo.,3869,1,22,0,0,5,2,5,rumours,0
529757088881573889,BREAKING: Prince confirms he is playing a surprise show tonight in the pillows section of Toronto's former Big Bop concert hall.,1849,0,10,0,0,1,1,3,rumours,1
529665662856495104,There's a serious Prince fan on @Kijiji who'll pay someone to line up at Massey Hall for them: http://t.co/DosNZhur00 (h/t @ceciliacooper),807,0,3,0,0,0,0,0,rumours,1
529728722963034113,"UPDATE: Live Nation tweeting that Prince won't be performing tomorrow night either.
http://t.co/GibJDqhHBA #PrinceTO #Toronto",113917,1,8,1,0,2,0,1,rumours,2
529688713253494785,Rumor has it PRINCE will perform @ a FREE private show @ Massey Hall tonight! #Toronto Will you stand in line? - @jusRED,18682,0,5,0,0,1,0,4,rumours,0
529726566646177794,"Prince not performing tonight, Live Nation says
STORY: http://t.co/GibJDqhHBA #PrinceTO #Toronto",113914,1,7,0,0,1,0,0,rumours,1
529762820108607489,Rumours of Prince coming to #Toronto replaced by rumours of many wet people waiting in a line-up for nothing. At least thats what i heard.,2181,0,2,0,0,0,0,1,rumours,0
529818929607475201,Live Nation wants to apologize for any inconvenience experienced by Prince and his fans. Read more here: https://t.co/EwTuUh0Khb,35131,1,48,0,0,1,0,12,rumours,1
529660101683318785,"As a monarchist, I'm excited to learn that the Prince will be in #Toronto tonight. Perhaps he'll autograph my cricket bat! #TOpoli",1404,0,10,0,0,0,0,0,rumours,1
529725862246375424,Live Nation (@LiveNationON) has tweeted that Prince is NOT performing at @masseyhall tonight. #Toronto http://t.co/88wE70thJT,1914,0,2,0,0,0,0,0,rumours,1
529647809243648001,#Prince and @3RDEYEGIRL are rumoured to be performing a surprise show Tuesday night in Toronto http://t.co/N7YsVyMcnJ,3973,0,2,0,0,0,0,0,rumours,1
529627432996044801,Rumours that Prince is playing Massey Hall tonight - listen for details in 5 mins: http://t.co/IByVwVORFh #MusicNerd,23142,1,12,0,0,2,1,1,rumours,1
529729911926583296,TORONTO: In case you missed it @LiveNationON are saying no Prince shows @masseyhall either today or tomorrow.,3680,0,5,0,0,0,0,0,rumours,1
529735674405326848,Suspect that the heartless monopolists at @LiveNationON nixed tonight's Prince Toronto @masseyhall show. As always profit trumps fun.,246,0,2,0,0,0,0,0,rumours,1
529627707382853632,Prince to perform surprise show in Toronto http://t.co/yjizydWAtf,543,1,18,0,0,0,1,4,rumours,1
529702439164067840,A look at the stage where prince is performing sent by a friend #toronto #prince #tdot #concert @TorontoComms http://t.co/DQR1FkXQnV,25,0,23,0,0,0,1,7,rumours,1
529660296080916480,Prince is playing a secret show in Toronto tonight.  I will also be playing a secret show tonight involving pizza &amp; netflix bingeing.,31352,0,11,0,0,0,0,4,rumours,1
529630665168281601,Big rumour of the day. Prince is playing Massey Hall tonight.. barriers and fans showing up outside,15867,0,3,0,0,0,0,0,rumours,1
529667041142124544,Is Prince playing a surprise Massey Hall show tonight? http://t.co/w5ymCHylg8 http://t.co/DYQ0jwnnmU,116775,1,29,0,0,4,0,3,rumours,1
529658492391813120,Is #Prince Playing A Surprise Show At Massey Hall Tonight? #Toronto. It certainly looks like it. http://t.co/5Of7boRp8t,13399,0,5,0,0,0,0,0,rumours,1
529726825938030592,Breaking: Live Nation Ontario says Prince isn't playing at Massey Hall tonight.,417,0,2,0,0,0,0,0,rumours,1
529654489356070912,"STORY: Prince to reportedly play a pop up show in Toronto TONIGHT
http://t.co/bXRByk5iWg http://t.co/qabWu3qMH6",1126,0,3,0,0,0,0,4,rumours,1
529738310022090752,Prince is in my spin class right now.  #Toronto #WheresPrince,811,0,2,0,0,0,0,0,rumours,1
529645279159779329,"According to @globalnewsto show is 8pm and wristbands handed out at 6pm. 
This is unconfirmed though!!! @masseyhall 
http://t.co/buoY83fH4o",3670,0,4,0,0,0,0,0,rumours,1
529745609969131522,.@3RDEYEGIRL you see what you've done to #Toronto? #Prince http://t.co/82eXnU49OY,703,0,3,0,0,0,0,2,rumours,1
529634428734423042,Are you a Prince fan? Do you live in Toronto? You might want to check this article out: http://t.co/qgXsag2ygC #surpriseshow,8859,0,5,0,0,0,0,0,rumours,1
529763954231607297,"A Prince rep, accompanied by a Massey Hall staffer, just told us all in line that there is indeed no show. What a bust! #Prince #Toronto",182,0,5,0,0,1,0,4,rumours,0
529655582882791424,Prince (@3RDEYEGIRL) playing surprise show in Toronto tonight?: http://t.co/BJCMwEagNr,17792,0,2,0,0,0,0,0,rumours,1
529664974978023425,Local news piece on Toronto show tonight #prince @3RDEYEGIRL http://t.co/ETH5CiiF6I #Princearmy,365,0,3,0,0,0,0,0,rumours,1
529724755906400256,"No Purple Rain #Toronto, just rain MT @LiveNationON In response to inquiries, can confirm Prince won't be performing at @masseyhall tonight",8853,0,5,0,0,0,0,0,rumours,1
529664917239250946,Prince Playing Surprise Show in Toronto Tonight? Are you lined up at Masey Hall? http://t.co/lgrARMzl2R http://t.co/mibqQc7vUv,16895,0,3,0,0,0,0,0,rumours,0
529722176380076032,"Now hearing there is NO #Prince show tonight, and the hundreds of people who have waiting in line will not be getting tickets. #Toronto",3575,1,11,0,0,0,1,0,rumours,1
529700937053773824,#Toronto if you can't get in to see #princeTO then get a #Prince pizza from Dino http://t.co/hqGmtiT6r0 @FiratDino,1708,0,2,0,0,0,0,0,rumours,1
529739968470867968,"Prince not playing Massey Hall tonight, promoter says http://t.co/clVHvM07kx http://t.co/IADirsFOOC",665484,1,26,0,0,4,0,7,rumours,1
529695483661664257,Clearly prince is having a show in #toronto @TorontoComms #tdot #gta #prince #concert http://t.co/e7oktlGd1v,25,0,8,0,0,0,0,10,rumours,1
529627936622931968,Surprise Prince show hitting Toronto tonight? My brain just melted.,2321,0,3,0,0,3,0,4,rumours,0
529726211241803776,Bad news for the Prince fans in the queue. No show in Toronto unfortunately. (according to Livenation) https://t.co/BbaUOo9k1x,3757,0,6,0,0,1,0,0,rumours,1
529716182438653952,Lineup grows in Toronto amid rumours of secret Prince show http://t.co/Eg3mGVplSU,562165,1,12,0,0,0,0,0,rumours,1
529652269105815553,"Lineup forms outside Massey Hall amid rumours of surprise Prince show
http://t.co/J3f8kJpnqF http://t.co/LDAp5zTixz",658980,1,70,0,0,3,1,3,rumours,1
529621484130828290,"Just noticed ""HALL of desire"" in that @drfunkenberry tweet. So, yeah, Massey Hall. Prince. Gah.",1720,0,2,0,0,0,0,0,rumours,0
529738126026358784,"Live Nation confirms no Prince show tonight, but fans still lined up at Massey Hall on rumours it's 2morrow nite! http://t.co/gsk36mKpFs",3050,0,12,0,0,0,0,1,rumours,1
529735706386898944,Live Nation quashes #Prince rumour. The Purple One will not be playing at #Toronto's Massey Hall. http://t.co/FvGEmAzggF,50162,1,16,0,0,1,0,0,rumours,2
529778109290012673,this nigga Prince got all the unemployed middle aged/retired folk in toronto waiting in purple rain for him,9431,1,3,0,0,0,0,1,rumours,0
529735459069788161,Inside Massey Hall in Toronto. Pretty legit. Wish I were there! @3RDEYEGIRL #Prince http://t.co/Z8vRZTSx5W,2479,0,10,0,0,0,0,11,rumours,1
529776116773298176,"The whole ""secret Prince show in Toronto"" is a joke. How dare they let ppl stand out there all day waiting. Total jerk move. By all involved",649,0,2,0,0,0,0,2,rumours,1
529541962639355904,"TORONTO 2NITE: This is a page from @Ticketmaster which states Prince is playing @masseyhall 

 http://t.co/pjsH9JAnnq http://t.co/72ioWI7EfN",3664,0,11,0,0,0,0,0,rumours,1
529702197916090370,Sample of line-up outside Massey Hall for rumoured Prince concert via @LindaWardCBC http://t.co/tZZuoauuwN #cbcto http://t.co/Fq111eHnw7,141852,1,23,0,0,1,0,3,rumours,1
529734113608359936,jokes on you if you lined up for Prince at Massey Hall. #PrinceTrollKing,3930,0,2,0,0,0,0,0,rumours,1
529775258698399746,How can u leave me standing alone in a world so cold? #literally #dovescry #prince #toronto http://t.co/Rd1TjBcm1r,100,0,3,0,0,0,0,0,rumours,1
529694805010685952,$10 to see Prince tonight in Toronto? I'd be a fool not to.,342,0,3,0,0,2,0,8,rumours,1
529657418985525248,Is Prince playing a secret show in Toronto tonight? Lineup Already at Massey Hall RU going http://t.co/ONDwvsPtUT http://t.co/TlgzGeSE0c,6486,0,5,0,0,0,0,0,rumours,1
529730384989544449,"Maaaaaaan‚Ä¶ ""@Shakes1: Security at Massey Hall has told crowds to go home. Prince will not be performing tonight""",2192,0,2,0,0,0,0,0,rumours,1
529660746645647360,"Prince news from fans at Massey Hall: show tonight, $10 for entry. Need to line up at Massey for wristbands. Big line already. #PrinceWatch",811,0,5,0,0,0,0,1,rumours,1
529733015862513664,"BREAKING: Performance art piece ""Soon To Be Disappointed Lined-Up Torontonians"" by Prince concludes after short run at Massey Hall #Toronto",403,0,8,0,0,0,0,1,rumours,1
529707148537004033,Prince fans are lined up from Massey Hall to Queen street to snag wristbands to his surprise shows http://t.co/W5rObSPMuN,116798,1,9,0,0,1,2,6,rumours,1
529627706057834496,"Prince pulled this tweet, but I caught it. A Toronto surprise is coming. Let's go crazy. http://t.co/uu3vOm0FbK",807,0,17,0,0,0,0,6,rumours,0
529742801274429440,"FYI #Toronto ""@LiveNationON: In response to inquiries, we can confirm that Prince will not be performing at @masseyhall tonight.""",4296,0,3,0,0,0,0,0,rumours,1
529540733020405760,"PRINCE IN TORONTO TONIGHT:
@3RDEYEGIRL tweeted this morning to say OTNOROT CALLING, which is Toronto backwards, obviously.... Seems it's on!",3664,0,3,0,0,1,1,12,rumours,1
529654321873715200,Prince and 3RDEYEGIRL playing last minute show at Massey Hall. Tix $10,1286,0,5,0,0,0,0,11,rumours,1
529723420268068865,"#BREAKING: @LiveNationON has tweeted ""Prince will not be performing at @masseyhall tonight."" #PrinceTO #Toronto",156142,1,13,0,0,0,0,1,rumours,1
529651454832037888,"Prince reportedly to perform surprise show at Massey Hall tonight
http://t.co/DTrGocPIhy #Toronto #Prince",5018,0,2,0,0,1,0,0,rumours,1
529674135098900481,Prince at Massey Hall? Will. Be. Bonkers. http://t.co/IecAWY53du,19282,1,36,0,0,1,0,6,rumours,1
529646030472904704,It looks like a secret Prince show is happening at Massey Hall tonight. http://t.co/IbovDWvjHK http://t.co/1ObuNIhRdC,244032,0,95,1,0,8,0,10,rumours,1
529691396098510848,@seldomherd @TomBeyer7 CBC Toronto quoted you: Pop-up Prince in Toronto? Social media speculates http://t.co/KnbVMG4enZ #cbcto,141907,1,2,0,0,0,0,0,rumours,0
529732350402646016,Prince will NOT be performing a secret show in Toronto tonight despite fans waiting in the (purple) rain all day http://t.co/QuARw5Lcth,122102,1,7,0,0,0,0,0,rumours,2
529736435780583424,Rumours of Prince surprise Toronto show quashed by Live Nation http://t.co/1f7VuOzI72,562282,1,7,0,0,0,0,0,rumours,0
529696730607271936,I might just be crazy! But I am in line for #Prince surprise show in Toronto!  #MasseyHall @3rdeyegirl,597,0,5,0,0,1,1,19,rumours,1
529669581506236416,Prince rumoured to play secret Toronto show Tuesday http://t.co/6AMeCYAP0R #music,13995,0,2,0,0,0,0,0,rumours,0
529654186791944192,Prince rumoured to be performing in surprise show in Toronto http://t.co/PEbtcmybqc http://t.co/HOoFI33eV2,178509,1,11,0,0,1,1,8,rumours,0
529733937170771969,So wait Prince's gear was even set up in Toronto? Maybe Mr. Nelson wasn't pleased a pic was Tweeted of said set-up?,806,0,2,0,0,0,0,2,rumours,1
529644561770217473,"#BREAKING: Prince reportedly to perform surprise show at Massey Hall tonight
http://t.co/G003mTSk9S #Toronto",156090,1,70,1,0,6,0,6,rumours,1
529730550169624579,"UPDATED: Prince not playing Massey Hall, Live Nation says http://t.co/MjRWsEJRWo #PrinceTO #cbcto http://t.co/Gk9DflWJjE",141893,1,30,0,0,1,0,2,rumours,0
529687410611728384,Is it true? Prince rumoured to be performing surprise show in Toronto http://t.co/EZiiLVkXyb,44686,1,7,0,0,1,0,4,rumours,0
529691396169809921,@jness935 @johnpaille @scrypticktock CBC Toronto quoted you: Pop-up Prince in Toronto? Social media speculates http://t.co/KnbVMG4enZ #cbcto,141842,1,3,0,0,0,0,0,rumours,0
529669184670941184,Prince surprise concert rumours spark line-ups in Toronto http://t.co/QuARw5Lcth via @huffpostcamusic,122060,1,3,0,0,0,0,0,rumours,1
529735664347406339,.@3RDEYEGIRL just left #Toronto fans out in the cold. Reaction: http://t.co/qB1TPDPtho #Prince http://t.co/aUxq4wNPKe,1252,1,2,0,0,0,0,0,rumours,0
529652940869738496,"RT @CP24: Lineup forms outside Massey Hall amid rumours of surprise Prince show
http://t.co/qkfAKDqGFg http://t.co/P2AsGTOpal",8850,0,5,0,0,0,0,0,rumours,1
529638427462217728,Possibly-incoming-but-who-the-hell-knows-with-this-guy-really: Prince @ Massey Hall - November 4 (2 shows and yes that's tonight) O-{+&gt;,4309,0,9,0,0,0,0,0,rumours,1
529731453865955328,"Jeez, what is it with Toronto and cancellations? First IE, now Prince concerts. Remind me to book next family reunion there.",1931,0,2,0,0,0,1,0,rumours,1
529731513613836288,"Dummies in line be like RT: ""@CP24 LiveNation confirms that Prince will not be performing at Massey Hall tonight."" http://t.co/Tt1iuaJwp4",3024,0,3,0,0,1,0,5,rumours,1
529757077200449536,"Prince probably arrived in Toronto, saw that it was raining and cancelled because the rain wasn't purple. #prince",266,0,2,0,0,0,0,0,rumours,1
529723023184498688,In a tweet concert promoter Live Nation says there is NO Prince show at Massey Hall tonight #Toronto,4670,1,2,0,0,1,0,0,rumours,1
529727601280307201,I can confirm that I am not performing at Massey Hall tonight either. #Prince,8773,0,2,0,0,0,0,3,rumours,1
529755373721632768,PRINCE gives Toronto purple balls .....,779,0,3,0,0,0,0,0,non-rumours,1
529590949136326656,"As an aside, Toronto is home to @magpietoronto where Prince @3RDEYEGIRL get a lot of their stage clothes...",3664,0,2,0,0,0,0,1,non-rumours,1
529695075560071168,Prince loves this city. He fell for the Toronto woman trap. Happens to the best of them.,2999,0,2,0,0,0,0,2,non-rumours,1
529761572881985536,Dammit Prince. Toronto needs a win right now.,202,0,2,0,0,0,0,0,non-rumours,1
